{"key": {"layout": "volume", "parts": [547, "a"], "string": "547-a"}, "solution": {"abc": [1093, 27, 1094], "\u03b2": 3, "families": [[[1, 2], [1, 2]], [[1, 2], [1, 2]]], "r": {"square": [1, 1], "exact": [1, 1, 1], "approx": 1.0}}, "lattice": [[23.388031127053, 0.0], [-11.6940155635265, 20.254629100529094]], "meta": {"layer": [{"cart": {"approx": [[-0.8551382496180255, 0.518400013541878], [-0.02137845624045064, -0.9997714546879077]]}, "frac": {"approx": [[-0.02376599634369287, 0.025594149908592323], [-0.025594149908592323, -0.04936014625228519]]}}, {"cart": {"approx": [[-0.8765167058584762, 0.48137144114602964], [0.02137845624045064, -0.9997714546879077]]}, "frac": {"approx": [[-0.025594149908592323, 0.02376599634369287], [-0.02376599634369287, -0.04936014625228519]]}}], "coeff": [[[-27, -14], [14, -13]], [[-27, -13], [13, -14]]], "volume": [547, 547]}}