{"key": {"layout": "volume", "parts": [397, "a"], "string": "397-a"}, "solution": {"abc": [793, 23, 794], "\u03b2": 3, "families": [[[1, 2], [1, 2]], [[1, 2], [1, 2]]], "r": {"square": [1, 1], "exact": [1, 1, 1], "approx": 1.0}}, "lattice": [[19.924858845171276, 0.0], [-9.962429422585638, 17.255433926737396]], "meta": {"layer": [{"cart": {"approx": [[-0.8532055424884425, 0.5215748290197701], [-0.02509428066142478, -0.9996850889545595]]}, "frac": {"approx": [[-0.027707808564231738, 0.030226700251889168], [-0.030226700251889168, -0.05793450881612091]]}}, {"cart": {"approx": [[-0.8782998231498673, 0.47811025993478934], [0.02509428066142478, -0.9996850889545595]]}, "frac": {"approx": [[-0.030226700251889168, 0.027707808564231738], [-0.027707808564231738, -0.05793450881612091]]}}], "coeff": [[[-23, -12], [12, -11]], [[-23, -11], [11, -12]]], "volume": [397, 397]}}