{"key": {"layout": "volume", "parts": [2611, "a"], "string": "2611-a"}, "solution": {"abc": [5221, 59, 5222], "\u03b2": 3, "families": [[[1, 2], [1, 2]], [[1, 2], [1, 2]]], "r": {"square": [1, 1], "exact": [1, 1, 1], "approx": 1.0}}, "lattice": [[51.09794516416487, 0.0], [-25.548972582082435, 44.252118593350986]], "meta": {"layer": [{"cart": {"approx": [[-0.861091377718596, 0.5084502327845766], [-0.009785129292256773, -0.9999521244763341]]}, "frac": {"approx": [[-0.011106855610877058, 0.011489850631941785], [-0.011489850631941785, -0.022596706242818843]]}}, {"cart": {"approx": [[-0.8708765070108528, 0.4915018916917574], [0.009785129292256773, -0.9999521244763341]]}, "frac": {"approx": [[-0.011489850631941785, 0.011106855610877058], [-0.011106855610877058, -0.022596706242818843]]}}], "coeff": [[[-59, -30], [30, -29]], [[-59, -29], [29, -30]]], "volume": [2611, 2611]}}