{"key": {"layout": "volume", "parts": [1387, "a"], "string": "1387-a"}, "solution": {"abc": [2773, 43, 2774], "\u03b2": 3, "families": [[[1, 2], [1, 2]], [[1, 2], [1, 2]]], "r": {"square": [1, 1], "exact": [1, 1, 1], "approx": 1.0}}, "lattice": [[37.242448899072144, 0.0], [-18.621224449536072, 32.25290684574028]], "meta": {"layer": [{"cart": {"approx": [[-0.8592345816656876, 0.5115817956786489], [-0.013425540338526368, -0.9999098733719047]]}, "frac": {"approx": [[-0.01514059120403749, 0.015861571737563085], [-0.015861571737563085, -0.031002162941600575]]}}, {"cart": {"approx": [[-0.872660122004214, 0.4883280776932558], [0.013425540338526368, -0.9999098733719047]]}, "frac": {"approx": [[-0.015861571737563085, 0.01514059120403749], [-0.01514059120403749, -0.031002162941600575]]}}], "coeff": [[[-43, -22], [22, -21]], [[-43, -21], [21, -22]]], "volume": [1387, 1387]}}