{"key": {"layout": "volume", "parts": [169, "a"], "string": "169-a"}, "solution": {"abc": [337, 15, 338], "\u03b2": 3, "families": [[[1, 2], [1, 2]], [[1, 2], [1, 2]]], "r": {"square": [1, 1], "exact": [1, 1, 1], "approx": 1.0}}, "lattice": [[13.0, 0.0], [-6.5, 11.258330249197702]], "meta": {"layer": [{"cart": {"approx": [[-0.8461538461538461, 0.532938710021193], [-0.038461538461538464, -0.9992600812897369]]}, "frac": {"approx": [[-0.04142011834319527, 0.047337278106508875], [-0.047337278106508875, -0.08875739644970414]]}}, {"cart": {"approx": [[-0.8846153846153846, 0.4663213712685439], [0.038461538461538464, -0.9992600812897369]]}, "frac": {"approx": [[-0.047337278106508875, 0.04142011834319527], [-0.04142011834319527, -0.08875739644970414]]}}], "coeff": [[[-15, -8], [8, -7]], [[-15, -7], [7, -8]]], "volume": [169, 169]}}