{"key": {"layout": "volume", "parts": [4681, "a"], "string": "4681-a"}, "solution": {"abc": [9361, 79, 9362], "\u03b2": 3, "families": [[[1, 2], [1, 2]], [[1, 2], [1, 2]]], "r": {"square": [1, 1], "exact": [1, 1, 1], "approx": 1.0}}, "lattice": [[68.4178339323893, 0.0], [-34.20891696619465, 59.25158225735411]], "meta": {"layer": [{"cart": {"approx": [[-0.8623482593486367, 0.5063155928848888], [-0.007308036096174887, -0.9999732959476553]]}, "frac": {"approx": [[-0.008331553086947234, 0.008545182653279214], [-0.008545182653279214, -0.016876735740226446]]}}, {"cart": {"approx": [[-0.8696562954448116, 0.4936577030627665], [0.007308036096174887, -0.9999732959476553]]}, "frac": {"approx": [[-0.008545182653279214, 0.008331553086947234], [-0.008331553086947234, -0.016876735740226446]]}}], "coeff": [[[-79, -40], [40, -39]], [[-79, -39], [39, -40]]], "volume": [4681, 4681]}}