{"key": {"layout": "volume", "parts": [4921, "a"], "string": "4921-a"}, "solution": {"abc": [9841, 81, 9842], "\u03b2": 3, "families": [[[1, 2], [1, 2]], [[1, 2], [1, 2]]], "r": {"square": [1, 1], "exact": [1, 1, 1], "approx": 1.0}}, "lattice": [[70.14983962918234, 0.0], [-35.07491981459117, 60.751543190276244]], "meta": {"layer": [{"cart": {"approx": [[0.8695672053200817, 0.4938146164623145], [-0.8624396052764746, 0.5061599818738723]]}, "frac": {"approx": [[0.01646006909164804, 0.00812842918106076], [-0.00812842918106076, 0.00833163991058728]]}}, {"cart": {"approx": [[0.8624396052764746, 0.5061599818738723], [-0.8695672053200817, 0.4938146164623145]]}, "frac": {"approx": [[0.01646006909164804, 0.00833163991058728], [-0.00833163991058728, 0.00812842918106076]]}}], "coeff": [[[41, -40], [40, 81]], [[40, -41], [41, 81]]], "volume": [4921, 4921]}}