{"key": {"layout": "volume", "parts": [4447, "a"], "string": "4447-a"}, "solution": {"abc": [8893, 77, 8894], "\u03b2": 3, "families": [[[1, 2], [1, 2]], [[1, 2], [1, 2]]], "r": {"square": [1, 1], "exact": [1, 1, 1], "approx": 1.0}}, "lattice": [[66.68583057891684, 0.0], [-33.34291528945842, 57.75162335380712]], "meta": {"layer": [{"cart": {"approx": [[0.8697499828147462, 0.4934926214177357], [-0.8622521381353088, 0.5064792693497814]]}, "frac": {"approx": [[0.017315043849786372, 0.00854508657521925], [-0.00854508657521925, 0.008769957274567124]]}}, {"cart": {"approx": [[0.8622521381353088, 0.5064792693497814], [-0.8697499828147462, 0.4934926214177357]]}, "frac": {"approx": [[0.017315043849786372, 0.008769957274567124], [-0.008769957274567124, 0.00854508657521925]]}}], "coeff": [[[39, -38], [38, 77]], [[38, -39], [39, 77]]], "volume": [4447, 4447]}}