{"key": {"layout": "volume", "parts": [469, "a"], "string": "469-a"}, "solution": {"abc": [937, 25, 938], "\u03b2": 3, "families": [[[1, 2], [1, 2]], [[1, 2], [1, 2]]], "r": {"square": [1, 1], "exact": [1, 1, 1], "approx": 1.0}}, "lattice": [[21.656407827707714, 0.0], [-10.828203913853857, 18.75499933351105]], "meta": {"layer": [{"cart": {"approx": [[0.8773384834252592, 0.47987205117725507], [-0.8542506285982787, 0.5198613887753596]]}, "frac": {"approx": [[0.053304904051172705, 0.0255863539445629], [-0.0255863539445629, 0.02771855010660981]]}}, {"cart": {"approx": [[0.8542506285982787, 0.5198613887753596], [-0.8773384834252592, 0.47987205117725507]]}, "frac": {"approx": [[0.053304904051172705, 0.02771855010660981], [-0.02771855010660981, 0.0255863539445629]]}}], "coeff": [[[13, -12], [12, 25]], [[12, -13], [13, 25]]], "volume": [469, 469]}}