{"key": {"layout": "volume", "parts": [3367, "a"], "string": "3367-a"}, "solution": {"abc": [6733, 67, 6734], "\u03b2": 3, "families": [[[1, 2], [1, 2]], [[1, 2], [1, 2]]], "r": {"square": [1, 1], "exact": [1, 1, 1], "approx": 1.0}}, "lattice": [[58.02585630561603, 0.0], [-29.012928152808016, 50.25186563700894]], "meta": {"layer": [{"cart": {"approx": [[-0.8616848278232259, 0.5074438466463629], [-0.00861684827823226, -0.9999628742737152]]}, "frac": {"approx": [[-0.009801009801009801, 0.010098010098010098], [-0.010098010098010098, -0.0198990198990199]]}}, {"cart": {"approx": [[-0.8703016761014581, 0.4925190276273523], [0.00861684827823226, -0.9999628742737152]]}, "frac": {"approx": [[-0.010098010098010098, 0.009801009801009801], [-0.009801009801009801, -0.0198990198990199]]}}], "coeff": [[[-67, -34], [34, -33]], [[-67, -33], [33, -34]]], "volume": [3367, 3367]}}