{"key": {"layout": "volume", "parts": [721, "a"], "string": "721-a"}, "solution": {"abc": [1441, 31, 1442], "\u03b2": 3, "families": [[[1, 2], [1, 2]], [[1, 2], [1, 2]]], "r": {"square": [1, 1], "exact": [1, 1, 1], "approx": 1.0}}, "lattice": [[26.851443164195103, 0.0], [-13.425721582097552, 23.25403190846697]], "meta": {"layer": [{"cart": {"approx": [[-0.8565647611324374, 0.5160395430450367], [-0.018620973068096465, -0.9998266146497587]]}, "frac": {"approx": [[-0.020804438280166437, 0.022191400832177532], [-0.022191400832177532, -0.04299583911234397]]}}, {"cart": {"approx": [[-0.8751857342005339, 0.483787071604722], [0.018620973068096465, -0.9998266146497587]]}, "frac": {"approx": [[-0.022191400832177532, 0.020804438280166437], [-0.020804438280166437, -0.04299583911234397]]}}], "coeff": [[[-31, -16], [16, -15]], [[-31, -15], [15, -16]]], "volume": [721, 721]}}