{"key": {"layout": "volume", "parts": [3997, "a"], "string": "3997-a"}, "solution": {"abc": [7993, 73, 7994], "\u03b2": 3, "families": [[[1, 2], [1, 2]], [[1, 2], [1, 2]]], "r": {"square": [1, 1], "exact": [1, 1, 1], "approx": 1.0}}, "lattice": [[63.221831672294975, 0.0], [-31.610915836147488, 54.75171230199107]], "meta": {"layer": [{"cart": {"approx": [[0.8699526499815421, 0.493135262164543], [-0.8620439895271644, 0.5068334638913359]]}, "frac": {"approx": [[0.018263697773329996, 0.009006755066299724], [-0.009006755066299724, 0.009256942707030274]]}}, {"cart": {"approx": [[0.8620439895271644, 0.5068334638913359], [-0.8699526499815421, 0.493135262164543]]}, "frac": {"approx": [[0.018263697773329996, 0.009256942707030274], [-0.009256942707030274, 0.009006755066299724]]}}], "coeff": [[[37, -36], [36, 73]], [[36, -37], [37, 73]]], "volume": [3997, 3997]}}