{"key": {"layout": "volume", "parts": [2977, "a"], "string": "2977-a"}, "solution": {"abc": [5953, 63, 5954], "\u03b2": 3, "families": [[[1, 2], [1, 2]], [[1, 2], [1, 2]]], "r": {"square": [1, 1], "exact": [1, 1, 1], "approx": 1.0}}, "lattice": [[54.56189146281496, 0.0], [-27.28094573140748, 47.25198408532704]], "meta": {"layer": [{"cart": {"approx": [[-0.861407087253041, 0.5079151799564882], [-0.00916390518354299, -0.9999580105393361]]}, "frac": {"approx": [[-0.010413167618407793, 0.010749076251259657], [-0.010749076251259657, -0.02116224386966745]]}}, {"cart": {"approx": [[-0.870570992436584, 0.4920428305828479], [0.00916390518354299, -0.9999580105393361]]}, "frac": {"approx": [[-0.010749076251259657, 0.010413167618407793], [-0.010413167618407793, -0.02116224386966745]]}}], "coeff": [[[-63, -32], [32, -31]], [[-63, -31], [31, -32]]], "volume": [2977, 2977]}}