{"key": {"layout": "volume", "parts": [631, "a"], "string": "631-a"}, "solution": {"abc": [1261, 29, 1262], "\u03b2": 3, "families": [[[1, 2], [1, 2]], [[1, 2], [1, 2]]], "r": {"square": [1, 1], "exact": [1, 1, 1], "approx": 1.0}}, "lattice": [[25.11971337416094, 0.0], [-12.55985668708047, 21.754309917807092]], "meta": {"layer": [{"cart": {"approx": [[0.8758061715238362, 0.4826629775741669], [-0.8559014858073855, 0.5171389045437502]]}, "frac": {"approx": [[0.04595879556259905, 0.022187004754358162], [-0.022187004754358162, 0.02377179080824089]]}}, {"cart": {"approx": [[0.8559014858073855, 0.5171389045437502], [-0.8758061715238362, 0.4826629775741669]]}, "frac": {"approx": [[0.04595879556259905, 0.02377179080824089], [-0.02377179080824089, 0.022187004754358162]]}}], "coeff": [[[15, -14], [14, 29]], [[14, -15], [15, 29]]], "volume": [631, 631]}}