{"key": {"layout": "volume", "parts": [2437, "a"], "string": "2437-a"}, "solution": {"abc": [4873, 57, 4874], "\u03b2": 3, "families": [[[1, 2], [1, 2]], [[1, 2], [1, 2]]], "r": {"square": [1, 1], "exact": [1, 1, 1], "approx": 1.0}}, "lattice": [[49.36598018878993, 0.0], [-24.682990094394967, 42.7521929262114]], "meta": {"layer": [{"cart": {"approx": [[0.8710451982429082, 0.49120287317764433], [-0.8609167657051999, 0.5087458329339888]]}, "frac": {"approx": [[0.023389413212966764, 0.011489536315141567], [-0.011489536315141567, 0.011899876897825195]]}}, {"cart": {"approx": [[0.8609167657051999, 0.5087458329339888], [-0.8710451982429082, 0.49120287317764433]]}, "frac": {"approx": [[0.023389413212966764, 0.011899876897825195], [-0.011899876897825195, 0.011489536315141567]]}}], "coeff": [[[29, -28], [28, 57]], [[28, -29], [29, 57]]], "volume": [2437, 2437]}}