{"key": {"layout": "volume", "parts": [2107, "a"], "string": "2107-a"}, "solution": {"abc": [4213, 53, 4214], "\u03b2": 3, "families": [[[1, 2], [1, 2]], [[1, 2], [1, 2]]], "r": {"square": [1, 1], "exact": [1, 1, 1], "approx": 1.0}}, "lattice": [[45.902069670114, 0.0], [-22.951034835057, 39.752358420601915]], "meta": {"layer": [{"cart": {"approx": [[0.8714204019005981, 0.49053693352427613], [-0.8605276468768406, 0.5094037386598252]]}, "frac": {"approx": [[0.025154247745609874, 0.012339819648789748], [-0.012339819648789748, 0.012814428096820124]]}}, {"cart": {"approx": [[0.8605276468768406, 0.5094037386598252], [-0.8714204019005981, 0.49053693352427613]]}, "frac": {"approx": [[0.025154247745609874, 0.012814428096820124], [-0.012814428096820124, 0.012339819648789748]]}}], "coeff": [[[27, -26], [26, 53]], [[26, -27], [27, 53]]], "volume": [2107, 2107]}}