{"key": {"layout": "volume", "parts": [1657, "a"], "string": "1657-a"}, "solution": {"abc": [3313, 47, 3314], "\u03b2": 3, "families": [[[1, 2], [1, 2]], [[1, 2], [1, 2]]], "r": {"square": [1, 1], "exact": [1, 1, 1], "approx": 1.0}}, "lattice": [[40.70626487409524, 0.0], [-20.35313243704762, 35.25265947414464]], "meta": {"layer": [{"cart": {"approx": [[-0.8598185097123315, 0.5105997751233986], [-0.012283121567319023, -0.9999245596166555]]}, "frac": {"approx": [[-0.01388050694025347, 0.01448400724200362], [-0.01448400724200362, -0.028364514182257092]]}}, {"cart": {"approx": [[-0.8721016312796506, 0.48932478449325695], [0.012283121567319023, -0.9999245596166555]]}, "frac": {"approx": [[-0.01448400724200362, 0.01388050694025347], [-0.01388050694025347, -0.028364514182257092]]}}], "coeff": [[[-47, -24], [24, -23]], [[-47, -23], [23, -24]]], "volume": [1657, 1657]}}