{"key": {"layout": "volume", "parts": [2791, "a"], "string": "2791-a"}, "solution": {"abc": [5581, 61, 5582], "\u03b2": 3, "families": [[[1, 2], [1, 2]], [[1, 2], [1, 2]]], "r": {"square": [1, 1], "exact": [1, 1, 1], "approx": 1.0}}, "lattice": [[52.82991576748916, 0.0], [-26.41495788374458, 45.752049134437684]], "meta": {"layer": [{"cart": {"approx": [[0.8707187836992123, 0.4917812518929167], [-0.861254449093786, 0.5081739602893472]]}, "frac": {"approx": [[0.02185596560372626, 0.010748835542816195], [-0.010748835542816195, 0.011107130060910068]]}}, {"cart": {"approx": [[0.861254449093786, 0.5081739602893472], [-0.8707187836992123, 0.4917812518929167]]}, "frac": {"approx": [[0.02185596560372626, 0.011107130060910068], [-0.011107130060910068, 0.010748835542816195]]}}], "coeff": [[[31, -30], [30, 61]], [[30, -31], [31, 61]]], "volume": [2791, 2791]}}