{"key": {"layout": "volume", "parts": [1801, "a"], "string": "1801-a"}, "solution": {"abc": [3601, 49, 3602], "\u03b2": 3, "families": [[[1, 2], [1, 2]], [[1, 2], [1, 2]]], "r": {"square": [1, 1], "exact": [1, 1, 1], "approx": 1.0}}, "lattice": [[42.43819034784589, 0.0], [-21.219095173922945, 36.752550931874104]], "meta": {"layer": [{"cart": {"approx": [[0.8718562148086052, 0.48976192246806133], [-0.8600743740679483, 0.5101686692375639]]}, "frac": {"approx": [[0.027207107162687396, 0.013325930038867296], [-0.013325930038867296, 0.0138811771238201]]}}, {"cart": {"approx": [[0.8600743740679483, 0.5101686692375639], [-0.8718562148086052, 0.48976192246806133]]}, "frac": {"approx": [[0.027207107162687396, 0.0138811771238201], [-0.0138811771238201, 0.013325930038867296]]}}], "coeff": [[[25, -24], [24, 49]], [[24, -25], [25, 49]]], "volume": [1801, 1801]}}