{"key": {"layout": "volume", "parts": [4219, "a"], "string": "4219-a"}, "solution": {"abc": [8437, 75, 8438], "\u03b2": 3, "families": [[[1, 2], [1, 2]], [[1, 2], [1, 2]]], "r": {"square": [1, 1], "exact": [1, 1, 1], "approx": 1.0}}, "lattice": [[64.95382975621992, 0.0], [-32.47691487810996, 56.25166664197604]], "meta": {"layer": [{"cart": {"approx": [[-0.862150857157695, 0.5066516549881701], [-0.0076977755103365625, -0.9999703716871777]]}, "frac": {"approx": [[-0.008769850675515525, 0.009006873666745675], [-0.009006873666745675, -0.0177767243422612]]}}, {"cart": {"approx": [[-0.8698486326680316, 0.4933187166990077], [0.0076977755103365625, -0.9999703716871777]]}, "frac": {"approx": [[-0.009006873666745675, 0.008769850675515525], [-0.008769850675515525, -0.0177767243422612]]}}], "coeff": [[[-75, -38], [38, -37]], [[-75, -37], [37, -38]]], "volume": [4219, 4219]}}