{"key": {"layout": "volume", "parts": [3169, "a"], "string": "3169-a"}, "solution": {"abc": [6337, 65, 6338], "\u03b2": 3, "families": [[[1, 2], [1, 2]], [[1, 2], [1, 2]]], "r": {"square": [1, 1], "exact": [1, 1, 1], "approx": 1.0}}, "lattice": [[56.293871780150276, 0.0], [-28.14693589007514, 48.751923038994065]], "meta": {"layer": [{"cart": {"approx": [[0.8704322238016294, 0.49228827303496686], [-0.8615502623342659, 0.5076722815673096]]}, "frac": {"approx": [[0.020511202272010098, 0.010097822656989587], [-0.010097822656989587, 0.01041337961502051]]}}, {"cart": {"approx": [[0.8615502623342659, 0.5076722815673096], [-0.8704322238016294, 0.49228827303496686]]}, "frac": {"approx": [[0.020511202272010098, 0.01041337961502051], [-0.01041337961502051, 0.010097822656989587]]}}], "coeff": [[[33, -32], [32, 65]], [[32, -33], [33, 65]]], "volume": [3169, 3169]}}