{"key": {"layout": "volume", "parts": [1519, "a"], "string": "1519-a"}, "solution": {"abc": [3037, 45, 3038], "\u03b2": 3, "families": [[[1, 2], [1, 2]], [[1, 2], [1, 2]]], "r": {"square": [1, 1], "exact": [1, 1, 1], "approx": 1.0}}, "lattice": [[38.97435053981015, 0.0], [-19.487175269905077, 33.75277766347534]], "meta": {"layer": [{"cart": {"approx": [[0.8723686098443353, 0.48884865608720046], [-0.8595396596995656, 0.5110690495457096]]}, "frac": {"approx": [[0.029624753127057275, 0.014483212639894667], [-0.014483212639894667, 0.015141540487162607]]}}, {"cart": {"approx": [[0.8595396596995656, 0.5110690495457096], [-0.8723686098443353, 0.48884865608720046]]}, "frac": {"approx": [[0.029624753127057275, 0.015141540487162607], [-0.015141540487162607, 0.014483212639894667]]}}], "coeff": [[[23, -22], [22, 45]], [[22, -23], [23, 45]]], "volume": [1519, 1519]}}