{"key": {"layout": "volume", "parts": [271, "a"], "string": "271-a"}, "solution": {"abc": [541, 19, 542], "\u03b2": 3, "families": [[[1, 2], [1, 2]], [[1, 2], [1, 2]]], "r": {"square": [1, 1], "exact": [1, 1, 1], "approx": 1.0}}, "lattice": [[16.46207763315433, 0.0], [-8.231038816577165, 14.256577429383253]], "meta": {"layer": [{"cart": {"approx": [[-0.8504394349231018, 0.5260729678739208], [-0.030372836961539352, -0.9995386389604495]]}, "frac": {"approx": [[-0.033210332103321034, 0.03690036900369004], [-0.03690036900369004, -0.07011070110701106]]}}, {"cart": {"approx": [[-0.8808122718846412, 0.4734656710865287], [0.030372836961539352, -0.9995386389604495]]}, "frac": {"approx": [[-0.03690036900369004, 0.033210332103321034], [-0.033210332103321034, -0.07011070110701106]]}}], "coeff": [[[-19, -10], [10, -9]], [[-19, -9], [9, -10]]], "volume": [271, 271]}}