{"key": {"layout": "volume", "parts": [817, "a"], "string": "817-a"}, "solution": {"abc": [1633, 33, 1634], "\u03b2": 3, "families": [[[1, 2], [1, 2]], [[1, 2], [1, 2]]], "r": {"square": [1, 1], "exact": [1, 1, 1], "approx": 1.0}}, "lattice": [[28.583211855912904, 0.0], [-14.291605927956452, 24.753787588973125]], "meta": {"layer": [{"cart": {"approx": [[0.8746392856766494, 0.48477429794806615], [-0.8571464999631164, 0.5150726915698203]]}, "frac": {"approx": [[0.04039167686658507, 0.019583843329253364], [-0.019583843329253364, 0.0208078335373317]]}}, {"cart": {"approx": [[0.8571464999631164, 0.5150726915698203], [-0.8746392856766494, 0.48477429794806615]]}, "frac": {"approx": [[0.04039167686658507, 0.0208078335373317], [-0.0208078335373317, 0.019583843329253364]]}}], "coeff": [[[17, -16], [16, 33]], [[16, -17], [17, 33]]], "volume": [817, 817]}}