{"key": {"layout": "volume", "parts": [1141, "a"], "string": "1141-a"}, "solution": {"abc": [2281, 39, 2282], "\u03b2": 3, "families": [[[1, 2], [1, 2]], [[1, 2], [1, 2]]], "r": {"square": [1, 1], "exact": [1, 1, 1], "approx": 1.0}}, "lattice": [[33.77869150810907, 0.0], [-16.889345754054535, 29.25320495262015]], "meta": {"layer": [{"cart": {"approx": [[-0.8585294073051386, 0.5127643287049982], [-0.014802231160433424, -0.9998904409747466]]}, "frac": {"approx": [[-0.016652059596844872, 0.017528483786152498], [-0.017528483786152498, -0.03418054338299737]]}}, {"cart": {"approx": [[-0.873331638465572, 0.48712611226974833], [0.014802231160433424, -0.9998904409747466]]}, "frac": {"approx": [[-0.017528483786152498, 0.016652059596844872], [-0.016652059596844872, -0.03418054338299737]]}}], "coeff": [[[-39, -20], [20, -19]], [[-39, -19], [19, -20]]], "volume": [1141, 1141]}}