{"key": {"layout": "volume", "parts": [1027, "a"], "string": "1027-a"}, "solution": {"abc": [2053, 37, 2054], "\u03b2": 3, "families": [[[1, 2], [1, 2]], [[1, 2], [1, 2]]], "r": {"square": [1, 1], "exact": [1, 1, 1], "approx": 1.0}}, "lattice": [[32.04684071792413, 0.0], [-16.023420358962063, 27.753378172755834]], "meta": {"layer": [{"cart": {"approx": [[0.8737210711800152, 0.4864272707980575], [-0.8581189091946578, 0.5134510080646162]]}, "frac": {"approx": [[0.03602726387536514, 0.017526777020447908], [-0.017526777020447908, 0.018500486854917234]]}}, {"cart": {"approx": [[0.8581189091946578, 0.5134510080646162], [-0.8737210711800152, 0.4864272707980575]]}, "frac": {"approx": [[0.03602726387536514, 0.018500486854917234], [-0.018500486854917234, 0.017526777020447908]]}}], "coeff": [[[19, -18], [18, 37]], [[18, -19], [19, 37]]], "volume": [1027, 1027]}}