{"key": {"layout": "volume", "parts": [331, "a"], "string": "331-a"}, "solution": {"abc": [661, 21, 662], "\u03b2": 3, "families": [[[1, 2], [1, 2]], [[1, 2], [1, 2]]], "r": {"square": [1, 1], "exact": [1, 1, 1], "approx": 1.0}}, "lattice": [[18.193405398660254, 0.0], [-9.096702699330127, 15.75595125658873]], "meta": {"layer": [{"cart": {"approx": [[0.8794395358869004, 0.47601061198153266], [-0.8519570503904348, 0.5236116731796859]]}, "frac": {"approx": [[0.0634441087613293, 0.030211480362537766], [-0.030211480362537766, 0.03323262839879154]]}}, {"cart": {"approx": [[0.8519570503904348, 0.5236116731796859], [-0.8794395358869004, 0.47601061198153266]]}, "frac": {"approx": [[0.0634441087613293, 0.03323262839879154], [-0.03323262839879154, 0.030211480362537766]]}}], "coeff": [[[11, -10], [10, 21]], [[10, -11], [11, 21]]], "volume": [331, 331]}}