{"key": {"layout": "volume", "parts": [1261, "a"], "string": "1261-a"}, "solution": {"abc": [2521, 41, 2522], "\u03b2": 3, "families": [[[1, 2], [1, 2]], [[1, 2], [1, 2]]], "r": {"square": [1, 1], "exact": [1, 1, 1], "approx": 1.0}}, "lattice": [[35.510561809129406, 0.0], [-17.755280904564703, 30.753048629363562]], "meta": {"layer": [{"cart": {"approx": [[0.8729797114060361, 0.48775652068776465], [-0.8588993934801323, 0.5121443467221529]]}, "frac": {"approx": [[0.03251387787470262, 0.01586042823156225], [-0.01586042823156225, 0.016653449643140365]]}}, {"cart": {"approx": [[0.8588993934801323, 0.5121443467221529], [-0.8729797114060361, 0.48775652068776465]]}, "frac": {"approx": [[0.03251387787470262, 0.016653449643140365], [-0.016653449643140365, 0.01586042823156225]]}}], "coeff": [[[21, -20], [20, 41]], [[20, -21], [21, 41]]], "volume": [1261, 1261]}}