{"key": {"layout": "volume", "parts": [3571, "a"], "string": "3571-a"}, "solution": {"abc": [7141, 69, 7142], "\u03b2": 3, "families": [[[1, 2], [1, 2]], [[1, 2], [1, 2]]], "r": {"square": [1, 1], "exact": [1, 1, 1], "approx": 1.0}}, "lattice": [[59.75784467331465, 0.0], [-29.878922336657325, 51.751811562495085]], "meta": {"layer": [{"cart": {"approx": [[0.8701786398802469, 0.492736374439886], [-0.8618115375737061, 0.5072286207469414]]}, "frac": {"approx": [[0.019322318678241388, 0.009521142537104453], [-0.009521142537104453, 0.009801176141136937]]}}, {"cart": {"approx": [[0.8618115375737061, 0.5072286207469414], [-0.8701786398802469, 0.492736374439886]]}, "frac": {"approx": [[0.019322318678241388, 0.009801176141136937], [-0.009801176141136937, 0.009521142537104453]]}}], "coeff": [[[35, -34], [34, 69]], [[34, -35], [35, 69]]], "volume": [3571, 3571]}}