{"key": {"layout": "volume", "parts": [1951, "a"], "string": "1951-a"}, "solution": {"abc": [3901, 51, 3902], "\u03b2": 3, "families": [[[1, 2], [1, 2]], [[1, 2], [1, 2]]], "r": {"square": [1, 1], "exact": [1, 1, 1], "approx": 1.0}}, "lattice": [[44.170125650715555, 0.0], [-22.085062825357777, 38.252450901870326]], "meta": {"layer": [{"cart": {"approx": [[-0.8603099819206514, 0.5097712575338946], [-0.011319868183166467, -0.9999359282395627]]}, "frac": {"approx": [[-0.012813941568426449, 0.013326499231163505], [-0.013326499231163505, -0.026140440799589954]]}}, {"cart": {"approx": [[-0.8716298501038179, 0.49016467070566794], [0.011319868183166467, -0.9999359282395627]]}, "frac": {"approx": [[-0.013326499231163505, 0.012813941568426449], [-0.012813941568426449, -0.026140440799589954]]}}], "coeff": [[[-51, -26], [26, -25]], [[-51, -25], [25, -26]]], "volume": [1951, 1951]}}