{"key": {"layout": "volume", "parts": [2269, "a"], "string": "2269-a"}, "solution": {"abc": [4537, 55, 4538], "\u03b2": 3, "families": [[[1, 2], [1, 2]], [[1, 2], [1, 2]]], "r": {"square": [1, 1], "exact": [1, 1, 1], "approx": 1.0}}, "lattice": [[47.634021455258214, 0.0], [-23.817010727629107, 41.25227266466661]], "meta": {"layer": [{"cart": {"approx": [[-0.8607293431756663, 0.5090628623229022], [-0.01049669930702032, -0.9999449081342722]]}, "frac": {"approx": [[-0.011899515204936095, 0.0123402379903041], [-0.0123402379903041, -0.024239753195240195]]}}, {"cart": {"approx": [[-0.8712260424826866, 0.49088204581136996], [0.01049669930702032, -0.9999449081342722]]}, "frac": {"approx": [[-0.0123402379903041, 0.011899515204936095], [-0.011899515204936095, -0.024239753195240195]]}}], "coeff": [[[-55, -28], [28, -27]], [[-55, -27], [27, -28]]], "volume": [2269, 2269]}}