{"key": {"layout": "volume", "parts": [919, "a"], "string": "919-a"}, "solution": {"abc": [1837, 35, 1838], "\u03b2": 3, "families": [[[1, 2], [1, 2]], [[1, 2], [1, 2]]], "r": {"square": [1, 1], "exact": [1, 1, 1], "approx": 1.0}}, "lattice": [[30.315012782448235, 0.0], [-15.157506391224118, 26.253571185650152]], "meta": {"layer": [{"cart": {"approx": [[-0.8576608621802548, 0.5142157577167603], [-0.016493478118851053, -0.9998639733381451]]}, "frac": {"approx": [[-0.018498367791077257, 0.01958650707290533], [-0.01958650707290533, -0.03808487486398259]]}}, {"cart": {"approx": [[-0.8741543402991059, 0.48564821562138477], [0.016493478118851053, -0.9998639733381451]]}, "frac": {"approx": [[-0.01958650707290533, 0.018498367791077257], [-0.018498367791077257, -0.03808487486398259]]}}], "coeff": [[[-35, -18], [18, -17]], [[-35, -17], [17, -18]]], "volume": [919, 919]}}