{"key": {"layout": "volume", "parts": [3781, "a"], "string": "3781-a"}, "solution": {"abc": [7561, 71, 7562], "\u03b2": 3, "families": [[[1, 2], [1, 2]], [[1, 2], [1, 2]]], "r": {"square": [1, 1], "exact": [1, 1, 1], "approx": 1.0}}, "lattice": [[61.48983655857283, 0.0], [-30.744918279286416, 53.251760534277174]], "meta": {"layer": [{"cart": {"approx": [[-0.8619310599323883, 0.5070254904083519], [-0.008131425093701777, -0.9999669394164716]]}, "frac": {"approx": [[-0.009256810367627611, 0.009521290663845543], [-0.009521290663845543, -0.018778101031473156]]}}, {"cart": {"approx": [[-0.8700624850260901, 0.4929414490081198], [0.008131425093701777, -0.9999669394164716]]}, "frac": {"approx": [[-0.009521290663845543, 0.009256810367627611], [-0.009256810367627611, -0.018778101031473156]]}}], "coeff": [[[-71, -36], [36, -35]], [[-71, -35], [35, -36]]], "volume": [3781, 3781]}}